image_A_url,image_B_url
http://plprincess.s3.amazonaws.com/225_Fast_Multipole_Embedder.png,http://plprincess.s3.amazonaws.com/225_Fast_Multipole_Multilevel_Embedder.png
http://plprincess.s3.amazonaws.com/225_Fast_Multipole_Embedder.png,http://plprincess.s3.amazonaws.com/225_FM^3.png
http://plprincess.s3.amazonaws.com/225_Fast_Multipole_Embedder.png,http://plprincess.s3.amazonaws.com/225_GRIP.png
http://plprincess.s3.amazonaws.com/225_Fast_Multipole_Embedder.png,http://plprincess.s3.amazonaws.com/225_Pivot_MDS.png
http://plprincess.s3.amazonaws.com/225_Fast_Multipole_Multilevel_Embedder.png,http://plprincess.s3.amazonaws.com/225_FM^3.png
http://plprincess.s3.amazonaws.com/225_Fast_Multipole_Multilevel_Embedder.png,http://plprincess.s3.amazonaws.com/225_GRIP.png
http://plprincess.s3.amazonaws.com/225_Fast_Multipole_Multilevel_Embedder.png,http://plprincess.s3.amazonaws.com/225_Pivot_MDS.png
http://plprincess.s3.amazonaws.com/225_FM^3.png,http://plprincess.s3.amazonaws.com/225_GRIP.png
http://plprincess.s3.amazonaws.com/225_FM^3.png,http://plprincess.s3.amazonaws.com/225_Pivot_MDS.png
http://plprincess.s3.amazonaws.com/225_GRIP.png,http://plprincess.s3.amazonaws.com/225_Pivot_MDS.png
http://plprincess.s3.amazonaws.com/423_Fast_Multipole_Embedder.png,http://plprincess.s3.amazonaws.com/423_Fast_Multipole_Multilevel_Embedder.png
http://plprincess.s3.amazonaws.com/423_Fast_Multipole_Embedder.png,http://plprincess.s3.amazonaws.com/423_FM^3.png
http://plprincess.s3.amazonaws.com/423_Fast_Multipole_Embedder.png,http://plprincess.s3.amazonaws.com/423_GRIP.png
http://plprincess.s3.amazonaws.com/423_Fast_Multipole_Embedder.png,http://plprincess.s3.amazonaws.com/423_Pivot_MDS.png
http://plprincess.s3.amazonaws.com/423_Fast_Multipole_Multilevel_Embedder.png,http://plprincess.s3.amazonaws.com/423_FM^3.png
http://plprincess.s3.amazonaws.com/423_Fast_Multipole_Multilevel_Embedder.png,http://plprincess.s3.amazonaws.com/423_GRIP.png
http://plprincess.s3.amazonaws.com/423_Fast_Multipole_Multilevel_Embedder.png,http://plprincess.s3.amazonaws.com/423_Pivot_MDS.png
http://plprincess.s3.amazonaws.com/423_FM^3.png,http://plprincess.s3.amazonaws.com/423_GRIP.png
http://plprincess.s3.amazonaws.com/423_FM^3.png,http://plprincess.s3.amazonaws.com/423_Pivot_MDS.png
http://plprincess.s3.amazonaws.com/423_GRIP.png,http://plprincess.s3.amazonaws.com/423_Pivot_MDS.png
http://plprincess.s3.amazonaws.com/532_Fast_Multipole_Embedder.png,http://plprincess.s3.amazonaws.com/532_Fast_Multipole_Multilevel_Embedder.png
http://plprincess.s3.amazonaws.com/532_Fast_Multipole_Embedder.png,http://plprincess.s3.amazonaws.com/532_FM^3.png
http://plprincess.s3.amazonaws.com/532_Fast_Multipole_Embedder.png,http://plprincess.s3.amazonaws.com/532_GRIP.png
http://plprincess.s3.amazonaws.com/532_Fast_Multipole_Embedder.png,http://plprincess.s3.amazonaws.com/532_Pivot_MDS.png
http://plprincess.s3.amazonaws.com/532_Fast_Multipole_Embedder.png,http://plprincess.s3.amazonaws.com/532_FM^3.png
http://plprincess.s3.amazonaws.com/532_Fast_Multipole_Multilevel_Embedder.png,http://plprincess.s3.amazonaws.com/532_GRIP.png
http://plprincess.s3.amazonaws.com/532_Fast_Multipole_Multilevel_Embedder.png,http://plprincess.s3.amazonaws.com/532_Pivot_MDS.png
http://plprincess.s3.amazonaws.com/532_FM^3.png,http://plprincess.s3.amazonaws.com/532_GRIP.png
http://plprincess.s3.amazonaws.com/532_FM^3.png,http://plprincess.s3.amazonaws.com/532_Pivot_MDS.png
http://plprincess.s3.amazonaws.com/532_GRIP.png,http://plprincess.s3.amazonaws.com/532_Pivot_MDS.png